updated,country,cases,todayCases,deaths,todayDeaths,recovered,todayRecovered,active,critical,casesPerOneMillion,deathsPerOneMillion,tests,testsPerOneMillion,population,continent,oneCasePerPeople,oneDeathPerPeople,oneTestPerPeople,activePerOneMillion,recoveredPerOneMillion,criticalPerOneMillion,countryInfo._id,countryInfo.iso2,countryInfo.iso3,countryInfo.lat,countryInfo.long,countryInfo.flag
1647410227364,Afghanistan,176571,0,7646,0,158917,0,10008,1124,4369,189,906639,22432,40416563,Asia,229,5286,45,247.62,3931.98,27.81,4.0,AF,AFG,33.0,65.0,https://disease.sh/assets/img/flags/af.png
1647410227279,Albania,272711,0,3486,0,268563,0,662,13,94940,1214,1761701,613308,2872459,Europe,11,824,2,230.46,93495.85,4.53,8.0,AL,ALB,41.0,20.0,https://disease.sh/assets/img/flags/al.png
1647410227280,Algeria,265478,0,6868,0,178094,0,80516,6,5874,152,230861,5108,45195539,Africa,170,6581,196,1781.5,3940.52,0.13,12.0,DZ,DZA,28.0,3.0,https://disease.sh/assets/img/flags/dz.png
1647410227478,Andorra,38794,0,152,0,37925,0,717,14,500729,1962,249838,3224756,77475,Europe,2,510,0,9254.6,489512.75,180.7,20.0,AD,AND,42.5,1.6,https://disease.sh/assets/img/flags/ad.png
1647410227379,Angola,98956,0,1900,0,96935,0,121,0,2860,55,1470711,42505,34600889,Africa,350,18211,24,3.5,2801.52,0.0,24.0,AO,AGO,-12.5,18.5,https://disease.sh/assets/img/flags/ao.png
1647410227662,Anguilla,2595,0,9,0,2572,0,14,4,170387,591,51382,3373736,15230,North America,6,1692,0,919.24,168877.22,262.64,660.0,AI,AIA,18.25,-63.1667,https://disease.sh/assets/img/flags/ai.png
1647410227592,Antigua and Barbuda,7470,0,135,0,7330,0,5,1,75222,1359,18901,190331,99306,North America,13,736,5,50.35,73812.26,10.07,28.0,AG,ATG,17.05,-61.8,https://disease.sh/assets/img/flags/ag.png
1647410226874,Argentina,8981155,0,127295,0,8787789,0,66071,761,195667,2773,34877407,759852,45900252,South America,5,361,1,1439.45,191454.05,16.58,32.0,AR,ARG,-34.0,-64.0,https://disease.sh/assets/img/flags/ar.png
1647410227268,Armenia,422076,0,8579,0,408799,0,4698,0,141986,2886,2938644,988560,2972652,Asia,7,347,1,1580.41,137519.97,0.0,51.0,AM,ARM,40.0,45.0,https://disease.sh/assets/img/flags/am.png
1647410227559,Aruba,33796,0,212,0,33522,0,62,4,314276,1971,177885,1654190,107536,North America,3,507,1,576.55,311728.17,37.2,533.0,AW,ABW,12.5,-69.9667,https://disease.sh/assets/img/flags/aw.png
1647410226959,Australia,3715615,58684,5638,22,3378144,0,331833,101,142895,217,64885144,2495351,26002413,Australia-Oceania,7,4612,0,12761.62,129916.56,3.88,36.0,AU,AUS,-27.0,133.0,https://disease.sh/assets/img/flags/au.png
1647410226970,Austria,3225272,0,15261,0,2816416,0,393595,219,354671,1678,167268269,18393867,9093698,Europe,3,596,0,43282.17,309710.75,24.08,40.0,AT,AUT,47.3333,13.3333,https://disease.sh/assets/img/flags/at.png
1647410227162,Azerbaijan,790962,0,9627,0,779828,0,1507,0,76834,935,6640773,645085,10294416,Asia,13,1069,2,146.39,75752.52,0.0,31.0,AZ,AZE,40.5,47.5,https://disease.sh/assets/img/flags/az.png
1647410227561,Bahamas,33198,0,773,0,32112,0,313,92,83072,1934,223897,560265,399627,North America,12,517,2,783.23,80354.93,230.21,44.0,BS,BHS,24.25,-76.0,https://disease.sh/assets/img/flags/bs.png
1647410227259,Bahrain,539988,0,1464,0,526515,0,12009,8,299676,812,9516707,5281464,1801907,Asia,3,1231,0,6664.61,292198.76,4.44,48.0,BH,BHR,26.0,50.55,https://disease.sh/assets/img/flags/bh.png
1647410226980,Bangladesh,1949942,0,29112,0,1864408,0,56422,1264,11643,174,13665453,81596,167476391,Asia,86,5753,12,336.9,11132.36,7.55,50.0,BD,BGD,24.0,90.0,https://disease.sh/assets/img/flags/bd.png
1647410227472,Barbados,57230,0,326,0,55850,0,1054,0,198734,1132,599379,2081372,287973,North America,5,883,0,3660.07,193941.79,0.0,52.0,BB,BRB,13.1667,-59.5333,https://disease.sh/assets/img/flags/bb.png
1647410227073,Belarus,943027,0,6681,0,928536,0,7810,0,99854,707,12651102,1339586,9444042,Europe,10,1414,1,826.98,98319.77,0.0,112.0,BY,BLR,53.0,28.0,https://disease.sh/assets/img/flags/by.png
1647410226964,Belgium,3669964,11880,30472,27,3409783,7649,229709,177,314335,2610,32234060,2760874,11675311,Europe,3,383,0,19674.76,292050.72,15.16,56.0,BE,BEL,50.8333,4.0,https://disease.sh/assets/img/flags/be.png
1647410227473,Belize,57096,0,652,0,56032,0,412,6,139298,1591,512376,1250051,409884,North America,7,629,1,1005.16,136702.09,14.64,84.0,BZ,BLZ,17.25,-88.75,https://disease.sh/assets/img/flags/bz.png
1647410227564,Benin,26575,0,163,0,25506,0,906,5,2099,13,604310,47726,12662109,Africa,476,77682,21,71.55,2014.36,0.39,204.0,BJ,BEN,9.5,2.25,https://disease.sh/assets/img/flags/bj.png
1647410227581,Bermuda,11989,0,125,0,11607,0,257,0,193724,2020,820407,13256532,61887,North America,5,495,0,4152.73,187551.51,0.0,60.0,BM,BMU,32.3333,-64.75,https://disease.sh/assets/img/flags/bm.png
1647410227571,Bhutan,19435,0,7,0,14112,0,5316,2,24725,9,2050791,2609019,786039,Asia,40,112291,0,6763.02,17953.31,2.54,64.0,BT,BTN,27.5,90.5,https://disease.sh/assets/img/flags/bt.png
1647410227076,Bolivia,898464,494,21476,1,811581,1566,65407,220,75227,1798,2682016,224560,11943446,South America,13,556,4,5476.39,67952.0,18.42,68.0,BO,BOL,-17.0,-65.0,https://disease.sh/assets/img/flags/bo.png
1647410227272,Bosnia,373506,0,15641,0,192218,0,165647,0,115061,4818,1725264,531480,3246150,Europe,9,208,2,51028.76,59214.15,0.0,70.0,BA,BIH,44.0,18.0,https://disease.sh/assets/img/flags/ba.png
1647410227357,Botswana,263950,0,2619,0,259434,0,1897,1,108521,1077,2026898,833347,2432239,Africa,9,929,1,779.94,106664.68,0.41,72.0,BW,BWA,-22.0,24.0,https://disease.sh/assets/img/flags/bw.png
1647410226797,Brazil,29432274,0,655649,0,27968811,0,807814,8318,136814,3048,63776166,296459,215126183,South America,7,328,3,3755.07,130011.19,38.67,76.0,BR,BRA,-10.0,-55.0,https://disease.sh/assets/img/flags/br.png
1647410227596,British Virgin Islands,6104,0,62,0,0,0,6042,1,199653,2028,101161,3308835,30573,North America,5,493,0,197625.36,0.0,32.71,92.0,VG,VGB,18.5,-64.5,https://disease.sh/assets/img/flags/vg.png
1647410227378,Brunei,116924,0,171,0,89174,0,27579,24,262990,385,717784,1614467,444595,Asia,4,2600,1,62031.74,200573.56,53.98,96.0,BN,BRN,4.5,114.6667,https://disease.sh/assets/img/flags/bn.png
1647410227059,Bulgaria,1117525,0,36196,0,885909,0,195420,288,162914,5277,9406028,1371224,6859586,Europe,6,190,1,28488.6,129149.05,41.99,100.0,BG,BGR,43.0,25.0,https://disease.sh/assets/img/flags/bg.png
1647410227570,Burkina Faso,20751,0,375,0,20309,0,67,0,949,17,248995,11382,21875982,Africa,1054,58336,88,3.06,928.37,0.0,854.0,BF,BFA,13.0,-2.0,https://disease.sh/assets/img/flags/bf.png
1647410227479,Burundi,38274,0,38,0,773,0,37463,0,3064,3,345742,27678,12491691,Africa,326,328729,36,2999.03,61.88,0.0,108.0,BI,BDI,-3.5,30.0,https://disease.sh/assets/img/flags/bi.png
1647410227473,Cabo Verde,55911,0,401,0,55453,0,57,23,98740,708,400982,708143,566244,Africa,10,1412,1,100.66,97931.28,40.62,132.0,CV,CPV,16.0,-24.0,https://disease.sh/assets/img/flags/cv.png
1647410227373,Cambodia,134492,140,3049,1,130028,311,1415,0,7860,178,2902632,169626,17111927,Asia,127,5612,6,82.69,7598.68,0.0,116.0,KH,KHM,13.0,105.0,https://disease.sh/assets/img/flags/kh.png
1647410227377,Cameroon,119322,0,1926,0,117263,0,133,13,4313,70,1751774,63315,27667397,Africa,232,14365,16,4.81,4238.31,0.47,120.0,CM,CMR,6.0,12.0,https://disease.sh/assets/img/flags/cm.png
1647410226967,Canada,3373776,0,36993,0,3222524,0,114259,510,88078,966,58805098,1535210,38304275,North America,11,1035,1,2982.93,84129.62,13.31,124.0,CA,CAN,60.0,-95.0,https://disease.sh/assets/img/flags/ca.png
1647410227591,Caribbean Netherlands,7739,0,31,0,7609,0,99,0,290536,1164,30126,1130983,26637,North America,3,859,1,3716.63,285655.29,0.0,535.0,BQ,BES,12.2,-68.26,https://disease.sh/assets/img/flags/bq.png
1647410227573,Cayman Islands,19433,0,17,0,8553,0,10863,2,289902,254,222773,3323333,67033,North America,3,3943,0,162054.51,127593.87,29.84,136.0,KY,CYM,19.5,-80.5,https://disease.sh/assets/img/flags/ky.png
1647410227579,Central African Republic,14649,0,113,0,6859,0,7677,2,2946,23,81294,16349,4972354,Africa,339,44003,61,1543.94,1379.43,0.4,140.0,CF,CAF,7.0,21.0,https://disease.sh/assets/img/flags/cf.png
1647410227593,Chad,7267,0,190,0,4874,0,2203,0,422,11,191341,11108,17225679,Africa,2370,90661,90,127.89,282.95,0.0,148.0,TD,TCD,15.0,19.0,https://disease.sh/assets/img/flags/td.png
1647410227465,Channel Islands,59867,0,147,0,54718,0,5002,0,339027,832,1226909,6947980,176585,Europe,3,1201,0,28326.3,309867.77,0.0,832.0,JE,JEY,49.21,-2.13,https://disease.sh/assets/img/flags/je.png
1647410226968,Chile,3323324,0,44039,0,2580598,0,698687,931,171350,2271,34210544,1763890,19394942,South America,6,440,1,36024.19,133055.21,48.0,152.0,CL,CHL,-30.0,-71.0,https://disease.sh/assets/img/flags/cl.png
1647410227676,China,122456,1952,4636,0,104040,156,13780,11,85,3,160000000,111163,1439323776,Asia,11754,310467,9,9.57,72.28,0.01,156.0,CN,CHN,35.0,105.0,https://disease.sh/assets/img/flags/cn.png
1647410226879,Colombia,6077861,0,139335,0,5909782,0,28744,342,117324,2690,33566181,647945,51804094,South America,9,372,2,554.86,114079.44,6.6,170.0,CO,COL,4.0,-72.0,https://disease.sh/assets/img/flags/co.png
1647410227590,Comoros,8069,0,160,0,7887,0,22,0,8955,178,0,0,901048,Africa,112,5632,0,24.42,8753.14,0.0,174.0,KM,COM,-12.1667,44.25,https://disease.sh/assets/img/flags/km.png
1647410227567,Congo,24049,0,378,0,20178,0,3493,0,4183,66,347815,60504,5748617,Africa,239,15208,17,607.62,3510.06,0.0,178.0,CG,COG,-1.0,15.0,https://disease.sh/assets/img/flags/cg.png
1647410227665,Cook Islands,476,0,0,0,132,0,344,0,27059,0,3537,201069,17591,Australia-Oceania,37,0,5,19555.45,7503.84,0.0,184.0,CK,COK,-21.2333,-159.7667,https://disease.sh/assets/img/flags/ck.png
1647410227159,Costa Rica,826251,0,8192,0,739726,0,78333,94,159720,1584,3854668,745132,5173135,North America,6,631,1,15142.27,142993.76,18.17,188.0,CR,CRI,10.0,-84.0,https://disease.sh/assets/img/flags/cr.png
1647410227063,Croatia,1074706,0,15373,0,1050939,0,8394,47,264559,3784,4591099,1130184,4062258,Europe,4,264,1,2066.34,258708.09,11.57,191.0,HR,HRV,45.1667,15.5,https://disease.sh/assets/img/flags/hr.png
1647410227062,Cuba,1077966,0,8503,0,1066760,0,2703,23,95270,751,12920253,1141882,11314871,North America,10,1331,1,238.89,94279.47,2.03,192.0,CU,CUB,21.5,-80.0,https://disease.sh/assets/img/flags/cu.png
1647410227477,Curaçao,39459,0,265,0,38760,0,434,3,238808,1604,494095,2990292,165233,North America,4,624,0,2626.59,234577.84,18.16,531.0,CW,CUW,12.15,-68.97,https://disease.sh/assets/img/flags/cw.png
1647410227273,Cyprus,360078,0,904,0,124370,0,234804,60,294593,740,9477138,7753598,1222289,Asia,3,1352,0,192101.87,101751.71,49.09,196.0,CY,CYP,35.0,33.0,https://disease.sh/assets/img/flags/cy.png
1647410226960,Czechia,3696837,0,39216,0,3588815,0,68806,116,344124,3650,53125897,4945286,10742734,Europe,3,274,0,6404.89,334069.06,10.8,203.0,CZ,CZE,49.75,15.5,https://disease.sh/assets/img/flags/cz.png
1647410227382,Côte d'Ivoire,81616,0,796,0,80746,0,74,0,2969,29,1448758,52707,27486942,Africa,337,34531,19,2.69,2937.61,0.0,384.0,CI,CIV,8.0,-5.0,https://disease.sh/assets/img/flags/ci.png
1647410227380,DRC,86375,0,1335,0,50930,0,34110,0,917,14,846704,8990,94181358,Africa,1090,70548,111,362.17,540.77,0.0,180.0,CD,COD,0.0,25.0,https://disease.sh/assets/img/flags/cd.png
1647410226973,Denmark,2826404,0,5232,0,2646035,0,175137,26,485065,898,126352755,21684555,5826855,Europe,2,1114,0,30056.87,454110.32,4.46,208.0,DK,DNK,56.0,10.0,https://disease.sh/assets/img/flags/dk.png
1647410227665,Diamond Princess,712,0,13,0,699,0,0,0,0,0,0,0,0,,0,0,0,0.0,0.0,0.0,,,,0.0,0.0,https://disease.sh/assets/img/flags/unknown.png
1647410227577,Djibouti,15568,0,189,0,15376,0,3,0,15377,187,290949,287385,1012400,Africa,65,5357,3,2.96,15187.67,0.0,262.0,DJ,DJI,11.5,43.0,https://disease.sh/assets/img/flags/dj.png
1647410227583,Dominica,11529,0,62,0,11142,0,325,0,159483,858,173956,2406363,72290,North America,6,1166,0,4495.78,154129.2,0.0,212.0,DM,DMA,15.4167,-61.3333,https://disease.sh/assets/img/flags/dm.png
1647410227258,Dominican Republic,576788,0,4374,0,572028,0,386,23,52280,396,3174924,287774,11032690,North America,19,2522,3,34.99,51848.46,2.08,214.0,DO,DOM,19.0,-70.6667,https://disease.sh/assets/img/flags/do.png
1647410227157,Ecuador,849699,0,35348,0,0,0,814351,759,46950,1953,2470170,136488,18098018,South America,21,512,7,44996.7,0.0,41.94,218.0,EC,ECU,-2.0,-77.5,https://disease.sh/assets/img/flags/ec.png
1647410227266,Egypt,495373,0,24277,0,424831,0,46265,122,4691,230,3693367,34971,105611495,Africa,213,4350,29,438.07,4022.58,1.16,818.0,EG,EGY,27.0,30.0,https://disease.sh/assets/img/flags/eg.png
1647410227371,El Salvador,156364,0,4102,0,132410,0,19852,153,23902,627,1758939,268877,6541804,North America,42,1595,4,3034.64,20240.59,23.39,222.0,SV,SLV,13.8333,-88.9167,https://disease.sh/assets/img/flags/sv.png
1647410227576,Equatorial Guinea,15898,0,183,0,15679,0,36,5,10733,124,294218,198637,1481183,Africa,93,8094,5,24.3,10585.46,3.38,226.0,GQ,GNQ,2.0,10.0,https://disease.sh/assets/img/flags/gq.png
1647410227586,Eritrea,9722,0,103,0,9617,0,2,0,2678,28,23693,6527,3629780,Africa,373,35241,153,0.55,2649.47,0.0,232.0,ER,ERI,15.0,39.0,https://disease.sh/assets/img/flags/er.png
1647410227260,Estonia,534788,0,2367,0,433572,0,98849,19,402686,1782,3183507,2397127,1328051,Europe,2,561,0,74431.63,326472.4,14.31,233.0,EE,EST,59.0,26.0,https://disease.sh/assets/img/flags/ee.png
1647410227267,Ethiopia,469291,0,7486,0,421500,0,40305,50,3917,62,4576756,38204,119796872,Africa,255,16003,26,336.44,3518.46,0.42,231.0,ET,ETH,8.0,38.0,https://disease.sh/assets/img/flags/et.png
1647410227668,Falkland Islands (Malvinas),118,0,0,0,0,0,118,0,32311,0,8632,2363636,3652,South America,31,0,0,32311.06,0.0,0.0,238.0,FK,FLK,-51.75,-59.0,https://disease.sh/assets/img/flags/fk.png
1647410227559,Faroe Islands,34237,0,28,0,7693,0,26516,5,696185,569,778000,15820082,49178,Europe,1,1756,0,539184.19,156431.74,101.67,234.0,FO,FRO,62.0,-7.0,https://disease.sh/assets/img/flags/fo.png
1647410227458,Fiji,64081,0,834,0,62237,0,1010,0,70614,919,502418,553641,907480,Australia-Oceania,14,1088,2,1112.97,68582.23,0.0,242.0,FJ,FJI,-18.0,175.0,https://disease.sh/assets/img/flags/fj.png
1647410227163,Finland,767220,0,2719,0,46000,0,718501,42,138105,489,10162649,1829347,5555343,Europe,7,2043,1,129335.13,8280.32,7.56,246.0,FI,FIN,64.0,26.0,https://disease.sh/assets/img/flags/fi.png
1647410226798,France,23649615,0,140440,0,22327799,0,1181376,1783,360959,2144,246629975,3764257,65518893,Europe,3,467,0,18031.07,340784.13,27.21,250.0,FR,FRA,46.0,2.0,https://disease.sh/assets/img/flags/fr.png
1647410227385,French Guiana,78220,0,394,0,11254,0,66572,2,250849,1264,604462,1938490,311821,South America,4,791,1,213494.28,36091.22,6.41,254.0,GF,GUF,4.0,-53.0,https://disease.sh/assets/img/flags/gf.png
1647410227387,French Polynesia,70826,0,645,0,0,0,70181,7,249680,2274,0,0,283667,Australia-Oceania,4,440,0,247406.29,0.0,24.68,258.0,PF,PYF,-15.0,-140.0,https://disease.sh/assets/img/flags/pf.png
1647410227475,Gabon,47570,0,303,0,47244,0,23,0,20550,131,1584243,684374,2314878,Africa,49,7640,1,9.94,20408.85,0.0,266.0,GA,GAB,-1.0,11.75,https://disease.sh/assets/img/flags/ga.png
1647410227581,Gambia,11973,0,365,0,11591,0,17,0,4729,144,155686,61490,2531880,Africa,211,6937,16,6.71,4578.02,0.0,270.0,GM,GMB,13.4667,-16.5667,https://disease.sh/assets/img/flags/gm.png
1647410226987,Georgia,1637691,0,16585,0,1590380,0,30726,0,411878,4171,16099446,4048996,3976158,Asia,2,240,0,7727.56,399979.08,0.0,268.0,GE,GEO,42.0,43.5,https://disease.sh/assets/img/flags/ge.png
1647410226860,Germany,17567738,0,126532,0,13931900,217700,3509306,2494,208546,1502,104701826,1242913,84239076,Europe,5,666,1,41658.89,165385.24,29.61,276.0,DE,DEU,51.0,9.0,https://disease.sh/assets/img/flags/de.png
1647410227369,Ghana,160761,0,1445,0,159227,0,89,1,4997,45,2376530,73865,32174072,Africa,200,22266,14,2.77,4948.92,0.03,288.0,GH,GHA,8.0,-2.0,https://disease.sh/assets/img/flags/gh.png
1647410227576,Gibraltar,15993,0,101,0,15569,0,323,10,474936,2999,523368,15542199,33674,Europe,2,333,0,9591.97,462344.84,296.97,292.0,GI,GIB,36.1833,-5.3667,https://disease.sh/assets/img/flags/gi.png
1647410226975,Greece,2684916,0,26686,0,2443577,0,214653,358,259749,2582,69719530,6744945,10336560,Europe,4,387,0,20766.39,236401.38,34.63,300.0,GR,GRC,39.0,22.0,https://disease.sh/assets/img/flags/gr.png
1647410227582,Greenland,11895,0,20,0,2761,0,9114,4,208915,351,164926,2896640,56937,North America,5,2847,0,160071.66,48492.19,70.25,304.0,GL,GRL,72.0,-40.0,https://disease.sh/assets/img/flags/gl.png
1647410227580,Grenada,13690,0,216,0,13336,0,138,4,120714,1905,136411,1202823,113409,North America,8,525,1,1216.83,117592.08,35.27,308.0,GD,GRD,12.1167,-61.6667,https://disease.sh/assets/img/flags/gd.png
1647410227375,Guadeloupe,130705,0,843,0,2250,0,127612,19,326567,2106,938039,2343691,400240,North America,3,475,0,318838.7,5621.63,47.47,312.0,GP,GLP,16.25,-61.5833,https://disease.sh/assets/img/flags/gp.png
1647410227161,Guatemala,807453,0,17170,0,768454,0,21829,5,43697,929,4085376,221091,18478264,North America,23,1076,5,1181.33,41586.92,0.27,320.0,GT,GTM,15.5,-90.25,https://disease.sh/assets/img/flags/gt.png
1647410227481,Guinea,36435,0,440,0,35950,0,45,8,2652,32,660107,48052,13737322,Africa,377,31221,21,3.28,2616.96,0.58,324.0,GN,GIN,11.0,-10.0,https://disease.sh/assets/img/flags/gn.png
1647410227589,Guinea-Bissau,8071,0,169,0,7077,0,825,6,3943,83,126481,61790,2046953,Africa,254,12112,16,403.04,3457.33,2.93,624.0,GW,GNB,12.0,-15.0,https://disease.sh/assets/img/flags/gw.png
1647410227462,Guyana,63157,0,1225,0,61740,0,192,4,79643,1545,554991,699863,793000,South America,13,647,1,242.12,77856.24,5.04,328.0,GY,GUY,5.0,-59.0,https://disease.sh/assets/img/flags/gy.png
1647410227563,Haiti,30473,0,827,0,26710,0,2936,0,2618,71,132422,11378,11638618,North America,382,14073,88,252.26,2294.95,0.0,332.0,HT,HTI,19.0,-72.4167,https://disease.sh/assets/img/flags/ht.png
1647410227671,Holy See (Vatican City State),29,0,0,0,28,0,1,0,36070,0,0,0,804,Europe,28,0,0,1243.78,34825.87,0.0,336.0,VA,VAT,41.9,12.45,https://disease.sh/assets/img/flags/va.png
1647410227270,Honduras,417201,0,10842,0,131100,0,275259,105,41014,1066,1263329,124195,10172115,North America,24,938,8,27060.15,12888.18,10.32,340.0,HN,HND,15.0,-86.5,https://disease.sh/assets/img/flags/hn.png
1647410227164,Hong Kong,761550,0,4568,0,13232,0,743750,111,100200,601,36260319,4770905,7600302,Asia,10,1664,0,97857.95,1740.98,14.6,344.0,HK,HKG,22.25,114.1667,https://disease.sh/assets/img/flags/hk.png
1647410226984,Hungary,1814362,0,44653,0,1650643,0,119066,109,188629,4642,10921558,1135453,9618677,Europe,5,215,1,12378.63,171608.11,11.33,348.0,HU,HUN,47.0,20.0,https://disease.sh/assets/img/flags/hu.png
1647410227365,Iceland,165299,0,83,0,75685,0,89531,6,479121,241,1835985,5321619,345005,Europe,2,4157,0,259506.38,219373.63,17.39,352.0,IS,ISL,65.0,-18.0,https://disease.sh/assets/img/flags/is.png
1647410226796,India,42998938,0,516103,0,42450055,0,32780,8944,30647,368,780506974,556293,1403050615,Asia,33,2719,2,23.36,30255.54,6.37,356.0,IN,IND,20.0,77.0,https://disease.sh/assets/img/flags/in.png
1647410226880,Indonesia,5914532,0,152745,0,5462344,0,299443,2771,21242,549,89512643,321483,278436451,Asia,47,1823,3,1075.44,19617.92,9.95,360.0,ID,IDN,-5.0,120.0,https://disease.sh/assets/img/flags/id.png
1647410226877,Iran,7130129,0,139180,0,6791854,0,199095,2531,83083,1622,48393373,563901,85818859,Asia,12,617,2,2319.94,79141.74,29.49,364.0,IR,IRN,32.0,53.0,https://disease.sh/assets/img/flags/ir.png
1647410226979,Iraq,2313943,0,25109,0,2268769,0,20065,72,55418,601,18175523,435293,41754655,Asia,18,1663,2,480.55,54335.71,1.72,368.0,IQ,IRQ,33.0,44.0,https://disease.sh/assets/img/flags/iq.png
1647410226992,Ireland,1360015,0,6636,0,1245441,0,107938,42,270302,1319,11546772,2294910,5031471,Europe,4,758,0,21452.57,247530.2,8.35,372.0,IE,IRL,53.0,-8.0,https://disease.sh/assets/img/flags/ie.png
1647410227566,Isle of Man,25236,0,81,0,23643,0,1512,0,294136,944,150753,1757089,85797,Europe,3,1059,1,17622.99,275569.08,0.0,833.0,IM,IMN,54.23,-4.55,https://disease.sh/assets/img/flags/im.png
1647410226886,Israel,3732586,0,10399,0,3681263,0,40924,306,400234,1115,41373364,4436346,9326000,Asia,2,897,0,4388.16,394731.18,32.81,376.0,IL,ISR,31.5,34.75,https://disease.sh/assets/img/flags/il.png
1647410226871,Italy,13489319,0,157177,0,12296018,0,1036124,502,223663,2606,193352508,3205936,60310783,Europe,4,384,0,17179.75,203877.61,8.32,380.0,IT,ITA,42.8333,12.8333,https://disease.sh/assets/img/flags/it.png
1647410227377,Jamaica,128418,0,2851,0,79633,0,45934,25,43048,956,885522,296844,2983124,North America,23,1046,3,15397.95,26694.5,8.38,388.0,JM,JAM,18.25,-77.5,https://disease.sh/assets/img/flags/jm.png
1647410226882,Japan,5808242,0,26262,0,5227335,0,554645,1170,46164,209,41189103,327369,125818680,Asia,22,4791,3,4408.29,41546.57,9.3,392.0,JP,JPN,36.0,138.0,https://disease.sh/assets/img/flags/jp.png
1647410226986,Jordan,1680179,0,13959,0,1647266,0,18954,694,161942,1345,16499905,1590323,10375188,Asia,6,743,1,1826.86,158769.75,66.89,400.0,JO,JOR,31.0,36.0,https://disease.sh/assets/img/flags/jo.png
1647410226992,Kazakhstan,1304645,85,13650,2,1282342,480,8653,528,68099,712,11575012,604181,19158177,Asia,15,1404,2,451.66,66934.45,27.56,398.0,KZ,KAZ,48.0,68.0,https://disease.sh/assets/img/flags/kz.png
1647410227275,Kenya,323204,0,5647,0,317503,0,54,1,5794,101,3448106,61814,55781934,Africa,173,9878,16,0.97,5691.86,0.02,404.0,KE,KEN,1.0,38.0,https://disease.sh/assets/img/flags/ke.png
1647410227661,Kiribati,3038,0,13,0,2455,0,570,9,24788,106,0,0,122561,Australia-Oceania,40,9428,0,4650.75,20030.84,73.43,296.0,KI,KIR,1.4167,173.0,https://disease.sh/assets/img/flags/ki.png
1647410227171,Kuwait,626384,0,2552,0,620141,0,3691,9,143081,583,7763313,1773325,4377828,Asia,7,1715,1,843.11,141654.95,2.06,414.0,KW,KWT,29.3375,47.6581,https://disease.sh/assets/img/flags/kw.png
1647410227362,Kyrgyzstan,200763,5,2975,1,195946,30,1842,131,29933,444,1907195,284360,6706976,Asia,33,2254,4,274.64,29215.25,19.53,417.0,KG,KGZ,41.0,75.0,https://disease.sh/assets/img/flags/kg.png
1647410227371,Lao People's Democratic Republic,147409,0,643,0,7660,0,139106,0,19774,86,1002806,134517,7454855,Asia,51,11594,7,18659.79,1027.52,0.0,418.0,LA,LAO,18.0,105.0,https://disease.sh/assets/img/flags/la.png
1647410227166,Latvia,750683,0,5450,0,647896,0,97337,41,405605,2945,6924994,3741677,1850773,Europe,2,340,0,52592.62,350067.78,22.15,428.0,LV,LVA,57.0,25.0,https://disease.sh/assets/img/flags/lv.png
1647410227059,Lebanon,1085846,0,10219,0,1006268,0,69359,186,160308,1509,4795578,707989,6773518,Asia,6,663,1,10239.73,148559.14,27.46,422.0,LB,LBN,33.8333,35.8333,https://disease.sh/assets/img/flags/lb.png
1647410227562,Lesotho,32775,0,697,0,23900,0,8178,0,15096,321,415510,191383,2171097,Africa,66,3115,5,3766.76,11008.26,0.0,426.0,LS,LSO,-29.5,28.5,https://disease.sh/assets/img/flags/ls.png
1647410227593,Liberia,7397,0,294,0,5747,0,1356,2,1406,56,139824,26585,5259459,Africa,711,17889,38,257.82,1092.7,0.38,430.0,LR,LBR,6.5,-9.5,https://disease.sh/assets/img/flags/lr.png
1647410227265,Libyan Arab Jamahiriya,500497,0,6354,0,484591,0,9552,119,71195,904,2457789,349615,7029980,Africa,14,1106,3,1358.75,68932.06,16.93,434.0,LY,LBY,25.0,17.0,https://disease.sh/assets/img/flags/ly.png
1647410227579,Liechtenstein,14424,0,79,0,13780,0,565,7,376468,2062,80413,2098789,38314,Europe,3,485,0,14746.57,359659.65,182.7,438.0,LI,LIE,47.1667,9.5333,https://disease.sh/assets/img/flags/li.png
1647410227069,Lithuania,968723,0,8659,0,887641,0,72423,63,364487,3258,7907132,2975102,2657768,Europe,3,307,0,27249.56,333979.87,23.7,440.0,LT,LTU,56.0,24.0,https://disease.sh/assets/img/flags/lt.png
1647410227363,Luxembourg,194846,0,1007,0,182044,0,11795,3,302898,1565,4107467,6385272,643272,Europe,3,639,0,18335.94,282996.93,4.66,442.0,LU,LUX,49.75,6.1667,https://disease.sh/assets/img/flags/lu.png
1647410227672,MS Zaandam,9,0,2,0,7,0,0,0,0,0,0,0,0,,0,0,0,0.0,0.0,0.0,,,,0.0,0.0,https://disease.sh/assets/img/flags/unknown.png
1647410227669,Macao,82,0,0,0,79,0,3,0,123,0,5318,8005,664368,Asia,8102,0,125,4.52,118.91,0.0,446.0,MO,MAC,22.1667,113.55,https://disease.sh/assets/img/flags/mo.png
1647410227278,Macedonia,301895,0,9155,0,290617,0,2123,0,144917,4395,1904444,914179,2083229,Europe,7,228,1,1019.09,139503.15,0.0,807.0,MK,MKD,41.8333,22.0,https://disease.sh/assets/img/flags/mk.png
1647410227459,Madagascar,63870,0,1377,0,59156,0,3337,23,2210,48,404843,14009,28899209,Africa,452,20987,71,115.47,2046.98,0.8,450.0,MG,MDG,-20.0,47.0,https://disease.sh/assets/img/flags/mg.png
1647410227381,Malawi,85515,0,2624,0,76810,0,6081,67,4282,131,554744,27780,19968907,Africa,234,7610,36,304.52,3846.48,3.36,454.0,MW,MWI,-13.5,34.0,https://disease.sh/assets/img/flags/mw.png
1647410226885,Malaysia,3872135,0,33994,0,3533994,0,304147,376,117088,1028,52598004,1590490,33070305,Asia,9,973,1,9196.98,106863.06,11.37,458.0,MY,MYS,2.5,112.5,https://disease.sh/assets/img/flags/my.png
1647410227364,Maldives,174658,0,297,0,163687,0,10674,25,313733,533,2213831,3976640,556709,Asia,3,1874,0,19173.39,294026.14,44.91,462.0,MV,MDV,3.25,73.0,https://disease.sh/assets/img/flags/mv.png
1647410227564,Mali,30428,0,726,0,29585,0,117,0,1433,34,635567,29922,21240603,Africa,698,29257,33,5.51,1392.85,0.0,466.0,ML,MLI,17.0,-4.0,https://disease.sh/assets/img/flags/ml.png
1647410227386,Malta,73195,0,617,0,70639,0,1939,3,165024,1391,1211456,2731328,443541,Europe,6,719,0,4371.64,159261.49,6.76,470.0,MT,MLT,35.8333,14.5833,https://disease.sh/assets/img/flags/mt.png
1647410227673,Marshall Islands,7,0,0,0,7,0,0,0,117,0,0,0,59868,Australia-Oceania,8553,0,0,0.0,116.92,0.0,584.0,MH,MHL,9.0,168.0,https://disease.sh/assets/img/flags/mh.png
1647410227372,Martinique,135881,0,905,0,104,0,134872,8,362571,2415,777358,2074221,374771,North America,3,414,0,359878.43,277.5,21.35,474.0,MQ,MTQ,14.6667,-61.0,https://disease.sh/assets/img/flags/mq.png
1647410227468,Mauritania,58660,0,981,0,57659,0,20,30,12077,202,763393,157171,4857077,Africa,83,4951,6,4.12,11871.13,6.18,478.0,MR,MRT,20.0,-12.0,https://disease.sh/assets/img/flags/mr.png
1647410227558,Mauritius,34426,0,934,0,31050,0,2442,0,26993,732,358675,281236,1275353,Africa,37,1365,4,1914.76,24346.2,0.0,480.0,MU,MUS,-20.2833,57.55,https://disease.sh/assets/img/flags/mu.png
1647410227481,Mayotte,36745,0,187,0,2964,0,33594,0,129389,658,176919,622981,283988,Africa,8,1519,2,118293.73,10437.06,0.0,175.0,YT,MYT,-12.8333,45.1667,https://disease.sh/assets/img/flags/yt.png
1647410226883,Mexico,5613870,6025,321375,260,4906809,6129,385686,4798,42778,2449,15376547,117169,131233677,North America,23,408,9,2938.93,37389.86,36.56,484.0,MX,MEX,23.0,-102.0,https://disease.sh/assets/img/flags/mx.png
1647410227675,Micronesia,1,0,0,0,1,0,0,0,9,0,0,0,117071,Australia-Oceania,117071,0,0,0.0,8.54,0.0,583.0,FM,FSM,6.9167,158.25,https://disease.sh/assets/img/flags/fm.png
1647410227264,Moldova,508578,0,11357,0,491634,0,5587,87,126574,2827,3094224,770084,4018035,Europe,8,354,1,1390.48,122356.82,21.65,498.0,MD,MDA,47.0,29.0,https://disease.sh/assets/img/flags/md.png
1647410227585,Monaco,9901,0,52,0,9571,0,278,4,249301,1309,54960,1383860,39715,Europe,4,764,1,6999.87,240992.07,100.72,492.0,MC,MCO,43.7333,7.4,https://disease.sh/assets/img/flags/mc.png
1647410227268,Mongolia,467264,164,2177,0,313256,0,151831,192,138739,646,4030048,1196592,3367939,Asia,7,1547,1,45081.28,93011.19,57.01,496.0,MN,MNG,46.0,105.0,https://disease.sh/assets/img/flags/mn.png
1647410227360,Montenegro,231719,0,2695,0,228257,0,767,60,368861,4290,1190834,1895626,628201,Europe,3,233,1,1220.95,363350.27,95.51,499.0,ME,MNE,42.0,19.0,https://disease.sh/assets/img/flags/me.png
1647410227668,Montserrat,171,0,2,0,162,0,7,0,34221,400,8359,1672804,4997,North America,29,2499,1,1400.84,32419.45,0.0,500.0,MS,MSR,16.75,-62.2,https://disease.sh/assets/img/flags/ms.png
1647410227058,Morocco,1162236,0,16046,0,1145486,0,704,293,30867,426,11237010,298431,37653636,Africa,32,2347,3,18.7,30421.66,7.78,504.0,MA,MAR,32.0,-5.0,https://disease.sh/assets/img/flags/ma.png
1647410227361,Mozambique,225188,0,2198,0,221989,0,1001,13,6878,67,1285237,39254,32741418,Africa,145,14896,25,30.57,6780.07,0.4,508.0,MZ,MOZ,-18.25,35.0,https://disease.sh/assets/img/flags/mz.png
1647410227172,Myanmar,606910,0,19414,0,559673,0,27823,0,11029,353,7422318,134879,55029436,Asia,91,2835,7,505.6,10170.43,0.0,104.0,MM,MMR,22.0,98.0,https://disease.sh/assets/img/flags/mm.png
1647410227370,Namibia,157458,0,4014,0,155293,0,-1849,1,60121,1533,969833,370301,2619037,Africa,17,652,3,-705.98,59293.93,0.38,516.0,NA,NAM,-22.0,17.0,https://disease.sh/assets/img/flags/na.png
1647410227067,Nepal,978044,0,11950,0,961348,0,4746,100,32573,398,5492019,182905,30026627,Asia,31,2513,5,158.06,32016.52,3.33,524.0,NP,NPL,28.0,84.0,https://disease.sh/assets/img/flags/np.png
1647410226876,Netherlands,7266972,0,21725,0,5712747,0,1532500,157,422516,1263,21107399,1227226,17199283,Europe,2,792,1,89102.55,332150.3,9.13,528.0,NL,NLD,52.5,5.75,https://disease.sh/assets/img/flags/nl.png
1647410227466,New Caledonia,59616,0,305,0,57445,0,1866,25,205459,1051,98964,341067,290160,Australia-Oceania,5,951,3,6430.93,197976.98,86.16,540.0,NC,NCL,-21.5,165.5,https://disease.sh/assets/img/flags/nc.png
1647410227269,New Zealand,418861,19519,125,8,221084,15109,197652,0,83737,25,7264413,1452273,5002100,Australia-Oceania,12,40017,1,39513.8,44198.24,0.0,554.0,NZ,NZL,-41.0,174.0,https://disease.sh/assets/img/flags/nz.png
1647410227573,Nicaragua,18290,0,223,0,4225,0,13842,0,2706,33,0,0,6758421,North America,370,30307,0,2048.11,625.15,0.0,558.0,NI,NIC,13.0,-85.0,https://disease.sh/assets/img/flags/ni.png
1647410227588,Niger,8781,0,308,0,8461,0,12,1,342,12,233804,9100,25692948,Africa,2926,83419,110,0.47,329.31,0.04,562.0,NE,NER,16.0,8.0,https://disease.sh/assets/img/flags/ne.png
1647410227358,Nigeria,255001,0,3142,0,249373,0,2486,11,1187,15,4589725,21366,214811319,Africa,842,68368,47,11.57,1160.89,0.05,566.0,NG,NGA,10.0,8.0,https://disease.sh/assets/img/flags/ng.png
1647410227675,Niue,1,0,0,0,0,0,1,0,608,0,0,0,1645,Australia-Oceania,1645,0,0,607.9,0.0,0.0,570.0,NU,NIU,-19.0333,-169.8667,https://disease.sh/assets/img/flags/nu.png
1647410226990,Norway,1363406,0,1753,0,0,0,1361653,29,248197,319,9852076,1793487,5493251,Europe,4,3134,1,247877.44,0.0,5.28,578.0,NO,NOR,62.0,10.0,https://disease.sh/assets/img/flags/no.png
1647410227271,Oman,386829,0,4250,0,379788,0,2791,19,72616,798,25000000,4693028,5327051,Asia,14,1253,0,523.93,71294.23,3.57,512.0,OM,OMN,21.0,57.0,https://disease.sh/assets/img/flags/om.png
1647410226989,Pakistan,1520120,493,30317,4,1472291,1003,17512,567,6662,133,26998115,118322,228174493,Asia,150,7526,8,76.75,6452.48,2.48,586.0,PK,PAK,30.0,70.0,https://disease.sh/assets/img/flags/pk.png
1647410227660,Palau,3922,0,6,0,3630,0,286,1,215022,329,37947,2080428,18240,Australia-Oceania,5,3040,0,15679.82,199013.16,54.82,585.0,PW,PLW,7.5,134.5,https://disease.sh/assets/img/flags/pw.png
1647410227257,Palestine,579923,0,5321,0,570740,0,3862,58,109363,1003,3078533,580558,5302711,Asia,9,997,2,728.31,107631.74,10.94,275.0,PS,PSE,32.0,35.25,https://disease.sh/assets/img/flags/ps.png
1647410227165,Panama,760105,0,8143,0,749576,0,2386,16,171577,1838,5603325,1264828,4430110,North America,6,544,1,538.59,169200.31,3.61,591.0,PA,PAN,9.0,-80.0,https://disease.sh/assets/img/flags/pa.png
1647410227475,Papua New Guinea,41533,0,639,0,39905,0,989,7,4497,69,249149,26979,9234779,Australia-Oceania,222,14452,37,107.1,4321.16,0.76,598.0,PG,PNG,-6.0,147.0,https://disease.sh/assets/img/flags/pg.png
1647410227170,Paraguay,646283,0,18552,0,621240,0,6491,77,88759,2548,2561955,351852,7281345,South America,11,392,3,891.46,85319.4,10.57,600.0,PY,PRY,-23.0,-58.0,https://disease.sh/assets/img/flags/py.png
1647410226965,Peru,3537488,0,211619,0,0,0,3325869,658,104809,6270,28001696,829633,33751895,South America,10,159,1,98538.73,0.0,19.5,604.0,PE,PER,-10.0,-76.0,https://disease.sh/assets/img/flags/pe.png
1647410226962,Philippines,3671293,0,57625,0,3567412,0,46256,289,32762,514,28545001,254734,112058146,Asia,31,1945,4,412.79,31835.37,2.58,608.0,PH,PHL,13.0,122.0,https://disease.sh/assets/img/flags/ph.png
1647410226881,Poland,5836672,0,113622,0,5199156,0,523894,482,154507,3008,34681947,918090,37776189,Europe,6,332,1,13868.37,137630.51,12.76,616.0,PL,POL,52.0,20.0,https://disease.sh/assets/img/flags/pl.png
1647410226966,Portugal,3380263,0,21285,0,2876177,0,482801,70,333156,2098,37805639,3726089,10146199,Europe,3,477,0,47584.42,283473.35,6.9,620.0,PT,PRT,39.5,-8.0,https://disease.sh/assets/img/flags/pt.png
1647410227274,Qatar,359361,0,677,0,357549,0,1135,3,127986,241,3395654,1209362,2807805,Asia,8,4147,1,404.23,127341.11,1.07,634.0,QA,QAT,25.5,51.25,https://disease.sh/assets/img/flags/qa.png
1647410226974,Romania,2798935,0,64450,0,2606660,0,127825,542,147160,3389,21607053,1136037,19019674,Europe,7,295,1,6720.67,137050.72,28.5,642.0,RO,ROU,46.0,25.0,https://disease.sh/assets/img/flags/ro.png
1647410226863,Russia,17412919,0,361902,0,15704022,0,1346995,2300,119233,2478,273400000,1872080,146040773,Europe,8,404,1,9223.42,107531.76,15.75,643.0,RU,RUS,60.0,100.0,https://disease.sh/assets/img/flags/ru.png
1647410227376,Rwanda,129610,0,1458,0,45522,0,82630,0,9603,108,4985910,369404,13497163,Africa,104,9257,3,6122.03,3372.71,0.0,646.0,RW,RWA,-2.0,30.0,https://disease.sh/assets/img/flags/rw.png
1647410227276,Réunion,318695,0,689,0,306072,0,11934,41,351696,760,1535875,1694916,906166,Africa,3,1315,1,13169.77,337765.93,45.25,638.0,RE,REU,-21.1,55.6,https://disease.sh/assets/img/flags/re.png
1647410226875,S. Korea,7629275,400725,11052,164,0,0,7618223,1244,148591,215,15804065,307807,51344146,Asia,7,4646,3,148375.69,0.0,24.23,410.0,KR,KOR,37.0,127.5,https://disease.sh/assets/img/flags/kr.png
1647410227674,Saint Helena,2,0,0,0,2,0,0,0,327,0,0,0,6108,Africa,3054,0,0,0.0,327.44,0.0,654.0,SH,SHN,-15.9333,-5.7,https://disease.sh/assets/img/flags/sh.png
1647410227659,Saint Kitts and Nevis,5541,0,42,0,5496,0,3,1,102920,780,65141,1209945,53838,North America,10,1282,1,55.72,102084.03,18.57,659.0,KN,KNA,17.3333,-62.75,https://disease.sh/assets/img/flags/kn.png
1647410227567,Saint Lucia,22856,0,365,0,22447,0,44,1,123511,1972,138196,746791,185053,North America,8,507,1,237.77,121300.38,5.4,662.0,LC,LCA,13.8833,-61.1333,https://disease.sh/assets/img/flags/lc.png
1647410227584,Saint Martin,9912,0,63,0,1399,0,8450,7,249133,1583,112382,2824662,39786,North America,4,632,0,212386.27,35163.12,175.94,663.0,MF,MAF,18.11,-63.03,https://disease.sh/assets/img/flags/mf.png
1647410227664,Saint Pierre Miquelon,1554,0,1,0,1194,0,359,1,270449,174,17358,3020884,5746,North America,4,5746,0,62478.25,207796.73,174.03,666.0,PM,SPM,46.8333,-56.3333,https://disease.sh/assets/img/flags/pm.png
1647410227596,Saint Vincent and the Grenadines,6743,0,106,0,6636,0,1,0,60454,950,98236,880732,111539,North America,17,1052,1,8.97,59494.89,0.0,670.0,VC,VCT,13.25,-61.2,https://disease.sh/assets/img/flags/vc.png
1647410227670,Samoa,48,0,0,0,28,0,20,0,239,0,0,0,200654,Australia-Oceania,4180,0,0,99.67,139.54,0.0,882.0,WS,WSM,-13.5833,-172.3333,https://disease.sh/assets/img/flags/ws.png
1647410227578,San Marino,14726,0,112,0,14340,0,274,4,432456,3289,140260,4118994,34052,Europe,2,304,0,8046.52,421120.64,117.47,674.0,SM,SMR,43.7667,12.4167,https://disease.sh/assets/img/flags/sm.png
1647410227657,Sao Tome and Principe,5937,0,72,0,5862,0,3,0,26262,318,29036,128439,226069,Africa,38,3140,8,13.27,25930.14,0.0,678.0,ST,STP,1.0,7.0,https://disease.sh/assets/img/flags/st.png
1647410227167,Saudi Arabia,749044,0,9021,0,731219,0,8804,256,20961,252,41284790,1155318,35734581,Asia,48,3961,1,246.37,20462.5,7.16,682.0,SA,SAU,25.0,45.0,https://disease.sh/assets/img/flags/sa.png
1647410227380,Senegal,85808,0,1964,0,83793,0,51,3,4905,112,1027175,58720,17492766,Africa,204,8907,17,2.92,4790.15,0.17,686.0,SN,SEN,14.0,-14.0,https://disease.sh/assets/img/flags/sn.png
1647410226982,Serbia,1945142,0,15619,0,1887890,0,41633,66,224157,1800,8956349,1032125,8677580,Europe,4,556,1,4797.77,217559.5,7.61,688.0,RS,SRB,44.0,21.0,https://disease.sh/assets/img/flags/rs.png
1647410227476,Seychelles,39761,0,163,0,39367,0,231,0,400087,1640,0,0,99381,Africa,2,610,0,2324.39,396122.0,0.0,690.0,SC,SYC,-4.5833,55.6667,https://disease.sh/assets/img/flags/sc.png
1647410227591,Sierra Leone,7670,0,125,0,0,0,7545,0,929,15,259958,31501,8252385,Africa,1076,66019,32,914.28,0.0,0.0,694.0,SL,SLE,8.5,-11.5,https://disease.sh/assets/img/flags/sl.png
1647410227071,Singapore,964329,0,1159,0,921236,0,41934,23,162660,195,23315251,3932739,5928502,Asia,6,5115,0,7073.29,155391.02,3.88,702.0,SG,SGP,1.3667,103.8,https://disease.sh/assets/img/flags/sg.png
1647410227587,Sint Maarten,9629,0,85,0,9504,0,40,10,220328,1945,62056,1419948,43703,North America,5,514,1,915.27,217467.91,228.82,534.0,SX,SXM,18.02,-63.06,https://disease.sh/assets/img/flags/sx.png
1647410226988,Slovakia,1586140,0,18979,0,1439150,0,128011,217,290282,3473,6634177,1214131,5464135,Europe,3,288,1,23427.5,263381.12,39.71,703.0,SK,SVK,48.6667,19.5,https://disease.sh/assets/img/flags/sk.png
1647410227074,Slovenia,923011,0,6419,0,888975,0,27617,65,443878,3087,2591452,1246236,2079423,Europe,2,324,1,13281.09,427510.42,31.26,705.0,SI,SVN,46.0,15.0,https://disease.sh/assets/img/flags/si.png
1647410227588,Solomon Islands,9412,0,125,0,2121,0,7166,4,13155,175,5117,7152,715474,Australia-Oceania,76,5724,140,10015.74,2964.47,5.59,90.0,SB,SLB,-8.0,159.0,https://disease.sh/assets/img/flags/sb.png
1647410227565,Somalia,26400,0,1348,0,13182,0,11870,0,1586,81,400466,24058,16645675,Africa,631,12348,42,713.1,791.92,0.0,706.0,SO,SOM,10.0,49.0,https://disease.sh/assets/img/flags/so.png
1647410226961,South Africa,3696823,0,99727,0,3578877,0,18219,546,61025,1646,23452959,387148,60578717,Africa,16,607,3,300.75,59078.12,9.01,710.0,ZA,ZAF,-29.0,24.0,https://disease.sh/assets/img/flags/za.png
1647410227575,South Sudan,17067,0,138,0,13507,0,3422,1,1495,12,349306,30596,11416628,Africa,669,82729,33,299.74,1183.1,0.09,728.0,SS,SSD,6.8769,31.3069,https://disease.sh/assets/img/flags/ss.png
1647410226873,Spain,11260040,0,101416,0,10502784,0,655840,682,240673,2168,471036328,10067988,46785545,Europe,4,461,0,14018.0,224487.8,14.58,724.0,ES,ESP,40.0,-4.0,https://disease.sh/assets/img/flags/es.png
1647410227169,Sri Lanka,656814,0,16415,0,619073,0,21326,0,30456,761,6368159,295290,21565778,Asia,33,1314,3,988.88,28706.27,0.0,144.0,LK,LKA,7.0,81.0,https://disease.sh/assets/img/flags/lk.png
1647410227661,St. Barth,3780,0,6,0,0,0,3774,0,380741,604,78646,7921636,9928,North America,3,1655,0,380136.99,0.0,0.0,652.0,BL,BLM,17.89,-62.82,https://disease.sh/assets/img/flags/bl.png
1647410227463,Sudan,61715,0,4874,0,0,0,56841,0,1354,107,562941,12349,45587096,Africa,739,9353,81,1246.87,0.0,0.0,729.0,SD,SDN,15.0,30.0,https://disease.sh/assets/img/flags/sd.png
1647410227384,Suriname,78828,35,1322,1,49368,1,28138,0,132359,2220,232909,391075,595561,South America,8,451,3,47246.21,82893.27,0.0,740.0,SR,SUR,4.0,-56.0,https://disease.sh/assets/img/flags/sr.png
1647410227388,Swaziland,69478,0,1392,0,68049,0,37,11,58851,1179,487301,412768,1180568,Africa,17,848,2,31.34,57640.9,9.32,748.0,SZ,SWZ,-26.5,31.5,https://disease.sh/assets/img/flags/sz.png
1647410226977,Sweden,2470254,0,17841,0,2389295,0,63118,39,242034,1748,18342988,1797232,10206244,Europe,4,572,1,6184.25,234101.3,3.82,752.0,SE,SWE,62.0,15.0,https://disease.sh/assets/img/flags/se.png
1647410226971,Switzerland,3156380,0,13425,0,2555555,0,587400,143,360229,1532,19474998,2222631,8762139,Europe,3,653,0,67038.43,291658.81,16.32,756.0,CH,CHE,47.0,8.0,https://disease.sh/assets/img/flags/ch.png
1647410227474,Syrian Arab Republic,55431,0,3118,0,50181,0,2132,0,3042,171,146269,8027,18222247,Asia,329,5844,125,117.0,2753.83,0.0,760.0,SY,SYR,35.0,38.0,https://disease.sh/assets/img/flags/sy.png
1647410227569,Taiwan,21402,0,853,0,19303,0,1246,0,896,36,12126224,507586,23890010,Asia,1116,28007,2,52.16,807.99,0.0,158.0,TW,TWN,23.5,121.0,https://disease.sh/assets/img/flags/tw.png
1647410227574,Tajikistan,17388,0,124,0,17263,0,1,0,1756,13,0,0,9901289,Asia,569,79849,0,0.1,1743.51,0.0,762.0,TJ,TJK,39.0,71.0,https://disease.sh/assets/img/flags/tj.png
1647410227560,Tanzania,33726,0,800,0,0,0,32926,7,539,13,0,0,62621418,Africa,1857,78277,0,525.79,0.0,0.11,834.0,TZ,TZA,-6.0,35.0,https://disease.sh/assets/img/flags/tz.png
1647410226969,Thailand,3250642,23945,23921,70,3004752,23339,221969,687,46373,341,17270775,246382,70097534,Asia,22,2930,4,3166.57,42865.3,9.8,764.0,TH,THA,15.0,100.0,https://disease.sh/assets/img/flags/th.png
1647410227568,Timor-Leste,22789,0,129,0,22596,0,64,9,16743,95,252951,185846,1361081,Asia,60,10551,5,47.02,16601.51,6.61,626.0,TL,TLS,-8.55,125.5167,https://disease.sh/assets/img/flags/tl.png
1647410227480,Togo,36860,0,272,0,36542,0,46,0,4282,32,703340,81707,8608073,Africa,234,31647,12,5.34,4245.08,0.0,768.0,TG,TGO,8.0,1.1667,https://disease.sh/assets/img/flags/tg.png
1647410227663,Tonga,2072,0,2,0,705,0,1365,0,19233,19,72393,671986,107730,Australia-Oceania,52,53865,1,12670.57,6544.14,0.0,776.0,TO,TON,-20.0,-175.0,https://disease.sh/assets/img/flags/to.png
1647410227374,Trinidad and Tobago,133393,0,3690,0,116951,0,12752,18,94794,2622,651489,462973,1407187,North America,11,381,2,9062.05,83109.78,12.79,780.0,TT,TTO,11.0,-61.0,https://disease.sh/assets/img/flags/tt.png
1647410227065,Tunisia,1029762,0,28065,0,983630,0,18067,74,85609,2333,4475031,372030,12028676,Africa,12,429,3,1501.99,81773.75,6.15,788.0,TN,TUN,34.0,9.0,https://disease.sh/assets/img/flags/tn.png
1647410226866,Turkey,14600683,0,96735,0,14213445,0,290503,975,170012,1126,149168647,1736932,85880558,Asia,6,888,1,3382.64,165502.48,11.35,792.0,TR,TUR,39.0,35.0,https://disease.sh/assets/img/flags/tr.png
1647410227658,Turks and Caicos Islands,5874,0,36,0,5808,0,30,4,148307,909,419792,10598935,39607,North America,7,1100,0,757.44,146640.75,100.99,796.0,TC,TCA,21.75,-71.5833,https://disease.sh/assets/img/flags/tc.png
1647410227078,UAE,885983,0,2302,0,851918,0,31763,0,87779,228,143122412,14179851,10093365,Asia,11,4385,0,3146.92,84403.76,0.0,784.0,AE,ARE,24.0,54.0,https://disease.sh/assets/img/flags/ae.png
1647410226799,UK,19820181,0,163095,0,18429633,0,1227453,253,289380,2381,489876300,7152332,68491825,Europe,3,420,0,17921.16,269077.85,3.69,826.0,GB,GBR,54.0,-2.0,https://disease.sh/assets/img/flags/gb.png
1647410226790,USA,81244936,0,992302,0,56456450,0,23796184,3726,243030,2968,967406638,2893828,334300023,North America,4,337,0,71182.12,168879.59,11.15,840.0,US,USA,38.0,-97.0,https://disease.sh/assets/img/flags/us.png
1647410227368,Uganda,163530,0,3594,0,100123,0,59813,11,3393,75,2506821,52018,48191869,Africa,295,13409,19,1241.14,2077.59,0.23,800.0,UG,UGA,1.0,32.0,https://disease.sh/assets/img/flags/ug.png
1647410226884,Ukraine,4912528,0,107269,0,0,0,4805259,177,113486,2478,19521252,450968,43287399,Europe,9,404,2,111008.26,0.0,4.09,804.0,UA,UKR,49.0,32.0,https://disease.sh/assets/img/flags/ua.png
1647410227080,Uruguay,867282,0,7110,0,850698,0,9474,65,248207,2035,5834665,1669823,3494182,South America,4,491,1,2711.36,243461.27,18.6,858.0,UY,URY,-33.0,-56.0,https://disease.sh/assets/img/flags/uy.png
1647410227359,Uzbekistan,237341,60,1637,0,234796,76,908,23,6921,48,1377915,40181,34292965,Asia,144,20949,25,26.48,6846.77,0.67,860.0,UZ,UZB,41.0,64.0,https://disease.sh/assets/img/flags/uz.png
1647410227667,Vanuatu,341,0,1,0,30,0,310,1,1068,3,24976,78214,319328,Australia-Oceania,936,319328,13,970.79,93.95,3.13,548.0,VU,VUT,-16.0,167.0,https://disease.sh/assets/img/flags/vu.png
1647410227261,Venezuela,518750,0,5661,0,510005,0,3084,230,18331,200,3359014,118697,28299060,South America,55,4999,8,108.98,18021.98,8.13,862.0,VE,VEN,8.0,-66.0,https://disease.sh/assets/img/flags/ve.png
1647410226878,Vietnam,6552918,0,41545,0,3383142,0,3128231,4269,66307,420,81738760,827095,98826293,Asia,15,2379,1,31653.83,34233.22,43.2,704.0,VN,VNM,21.0,105.8,https://disease.sh/assets/img/flags/vn.png
1647410227666,Wallis and Futuna,454,0,7,0,438,0,9,0,41632,642,20508,1880605,10905,Australia-Oceania,24,1558,1,825.31,40165.06,0.0,876.0,WF,WLF,-13.3,-176.2,https://disease.sh/assets/img/flags/wf.png
1647410227671,Western Sahara,10,0,1,0,8,0,1,0,16,2,0,0,622266,Africa,62227,622266,0,1.61,12.86,0.0,732.0,EH,ESH,24.5,-13.0,https://disease.sh/assets/img/flags/eh.png
1647410227583,Yemen,11793,0,2139,0,8879,0,775,23,381,69,265253,8573,30941078,Asia,2624,14465,117,25.05,286.96,0.74,887.0,YE,YEM,15.0,48.0,https://disease.sh/assets/img/flags/ye.png
1647410227277,Zambia,315202,0,3960,0,309765,0,1477,3,16368,206,3310740,171918,19257651,Africa,61,4863,6,76.7,16085.3,0.16,894.0,ZM,ZMB,-15.0,30.0,https://disease.sh/assets/img/flags/zm.png
1647410227358,Zimbabwe,242909,0,5416,0,232425,0,5068,12,15949,356,2137216,140326,15230365,Africa,63,2812,7,332.76,15260.63,0.79,716.0,ZW,ZWE,-20.0,30.0,https://disease.sh/assets/img/flags/zw.png
